video_id,title,channel_id,channel_title,subscriber_count,view_count,published_at,category_id,size_tier,niche_tags,channel_avg_views_leave_one_out,raw_engagement_ratio,engagement_score,low_confidence_baseline,predicted_engagement
LwZ_isTXOk0,बहुत क़र्ज़ से “0” क़र्ज़? #sumitmehrotra,UCEh_ROR8pCJQgOXaDK7jSSg,Sumit Mehrotra,141000,147405,2026-07-19T16:08:50Z,27,small,"[""stock market analysis""]",46652.24242424242,3.159655192124319,1.4254321843293185,False,1.6301814787057214
-LefZFZr0BM,Caliber IPO में क्या करें? #sumitmehrotra,UCEh_ROR8pCJQgOXaDK7jSSg,Sumit Mehrotra,141000,55298,2026-07-18T05:44:10Z,27,small,"[""stock market analysis""]",47582.61616161616,1.162147112974584,0.7711017617561796,False,1.6050632670326095
qibhLIBAPzs,Precision Engg के स्मॉलकैप? #sumitmehrotra,UCEh_ROR8pCJQgOXaDK7jSSg,Sumit Mehrotra,141000,78003,2026-07-30T15:43:42Z,27,small,"[""stock market analysis""]",47353.27272727273,1.6472567893934564,0.9735239300218824,False,1.5885926702101993
dPy4Vx2f5DM,प्रमोटर जल्द बेचेंगे हिस्सा? #sumitmehrotra,UCEh_ROR8pCJQgOXaDK7jSSg,Sumit Mehrotra,141000,74409,2026-08-06T14:30:08Z,27,small,"[""stock market analysis""]",47389.57575757576,1.570155436306156,0.9439663781312024,False,1.5872320353436948
79njBcgSEAY,10 साल में भी “0” रिटर्न? #sumitmehrotra,UCEh_ROR8pCJQgOXaDK7jSSg,Sumit Mehrotra,141000,58221,2026-07-20T15:46:01Z,27,small,"[""stock market analysis""]",47553.09090909091,1.2243368177959943,0.7994588117721363,False,1.5588046423566426
S5CJtnjfx8U,10 साल से टर्नअराउंड का इंतज़ार? #sumitmehrotra,UCEh_ROR8pCJQgOXaDK7jSSg,Sumit Mehrotra,141000,37113,2026-07-23T16:05:20Z,27,small,"[""stock market analysis""]",47766.30303030303,0.7769703252197567,0.574909849663217,False,1.5492801982911115
K2B3RI7O41g,30 मिनट में 500% रिटर्न? #sumitmehrotra,UCEh_ROR8pCJQgOXaDK7jSSg,Sumit Mehrotra,141000,59586,2026-07-27T15:03:54Z,27,small,"[""stock market analysis""]",47539.30303030303,1.2534049975873232,0.8124424045440505,False,1.454501371018507
LA9gjMACPoc,"प्रमोटर बेचे बार बार, पब्लिक खरीद बरकरार? #sumitmehrotra",UCEh_ROR8pCJQgOXaDK7jSSg,Sumit Mehrotra,141000,56471,2026-07-22T15:45:26Z,27,small,"[""stock market analysis""]",47570.76767676768,1.187094570003733,0.7825739826452934,False,1.3731475628522032
X1sGIX4NoxU,"पहले तेज़ी, फिर QIP? #sumitmehrotra",UCEh_ROR8pCJQgOXaDK7jSSg,Sumit Mehrotra,141000,50949,2026-07-28T14:49:11Z,27,small,"[""stock market analysis""]",47626.545454545456,1.0697605613370695,0.7274329297352315,False,1.369031454493917
f71f-59RZNA,प्रमोटर 'धनी' घाटे में ‘कंपनी’? #sumitmehrotra,UCEh_ROR8pCJQgOXaDK7jSSg,Sumit Mehrotra,141000,81761,2026-07-29T16:42:09Z,27,small,"[""stock market analysis""]",47315.31313131313,1.728002935816794,1.0035698161598132,False,1.275001125777174
0D7gvZ-l1Kk,Commodity Analysis for Wednesday|29th July 2026,UCQ35nlZLI0AfmhGhoGNOKyA,Money Making Trading Courses By Tushar Ghone,620000,9762,2026-07-29T06:21:16Z,27,mid,"[""stock market analysis""]",23530.29292929293,0.4148694633481276,0.3470372747889256,False,0.10590169193059978
lIePTbnuTsY,Commodity Analysis for Wednesday|22nd July 2026,UCQ35nlZLI0AfmhGhoGNOKyA,Money Making Trading Courses By Tushar Ghone,620000,3120,2026-07-22T06:30:54Z,27,mid,"[""stock market analysis""]",23597.38383838384,0.1322180467702934,0.1241785820537965,False,0.10590169193059978
pJDixeOCM_Y,Live Crypto Trading | Bitcoin | ETHUSD Live Analysis | 03-August | Shark Exchange India  #cryptolive,UC5hNHywoGq7GZiy0JuWt6sw,Hitesh Nanwani - Live Trading,165000,4509,2026-08-03T20:14:21Z,27,small,"[""stock market analysis""]",75428.67676767676,0.0597783256080163,0.0580597594690303,False,0.09599396784205622
RM5OXRwK58Y,Live Crypto Trading | Bitcoin | ETHUSD Live Analysis | 07-August | Shark Exchange India  #cryptolive,UC5hNHywoGq7GZiy0JuWt6sw,Hitesh Nanwani - Live Trading,165000,4082,2026-08-07T21:53:05Z,27,small,"[""stock market analysis""]",75432.9898989899,0.0541142543264702,0.0527008449334911,False,0.07969519373081385
tGFvUruXKU4,Live Crypto Trading | Bitcoin | ETHUSD Live Analysis | 27-July | Shark Exchange India  #cryptolive,UC5hNHywoGq7GZiy0JuWt6sw,Hitesh Nanwani - Live Trading,165000,6255,2026-07-27T08:35:17Z,27,small,"[""stock market analysis""]",75411.04040404041,0.082945414444446,0.0796845645735945,False,0.07619741248750184
oUSxQYJKvyY,2 New Studio = Hard Work ! #shorts #shortvideo #short #shortsfeed #studio #review #guide #tutorial,UCBEf-Daqa3cCYGS_RXMFJFw,Home Cinema Tech Review,148000,1351,2026-07-23T14:36:27Z,24,small,"[""tech review""]",10113.161616161617,0.1335882932831803,0.1253880823148806,False,0.06773498471826522
Sez1_wBsz4c,Equity Analysis for Wednesday | 5th August 2026|,UCQ35nlZLI0AfmhGhoGNOKyA,Money Making Trading Courses By Tushar Ghone,620000,1032,2026-08-05T09:07:55Z,27,mid,"[""stock market analysis""]",23618.47474747475,0.0436946081842283,0.0427669257715312,False,0.06346138553931385
Yj6E3O4uDFI,Fire Emblem Fortune’s Weave Nintendo Direct Announced,UCDbiEgV3Y7JQtaftgN7lyPw,Mithrie - Gaming News,115000,1052,2026-08-04T04:29:45Z,20,small,"[""gaming news""]",999.020202020202,1.0530317583895332,0.7193176071765415,False,0.034064899999164844
10Q8V3jM_rM,Dji Nano Carger is Best Accessory You Need #shorts #shortvideo #short #shortsvideo #shortsvideo,UCBEf-Daqa3cCYGS_RXMFJFw,Home Cinema Tech Review,148000,2231,2026-07-21T07:34:13Z,24,small,"[""tech review""]",10104.272727272728,0.2207976823486014,0.1995044830768902,False,-0.029136818354308258
e3t6R1zNsrE,Diy Guide Coming Soon #shorts #shortvideo #short #shortsvideo #diy #tips #how #tools #work #guide,UCBEf-Daqa3cCYGS_RXMFJFw,Home Cinema Tech Review,148000,2010,2026-07-22T15:53:48Z,24,small,"[""tech review""]",10106.505050505051,0.1988818082962868,0.1813892959540649,False,-0.09077497275159851
